{
	"name": "Function parameters",
    "id": "fp",
    "children": [
        {
            "id": "fpc01",
            "name": "Ex. 1 (example)",
            "guide": "./c01.md",
            "py": "./c01.py",
			"isExample": "True"
        },
        {
            "id": "fpc02",
            "name": "Ex. 2 (task)",
            "guide": "c02.md",
            "py": "c02.py",
            "tests": [
                {
                    "in": "John\nformal",
                    "out": ".*Dear John"
                },
                {
                    "in": "Marjee\ninformal",
                    "out": ".*Hiya Marjee"
                }				
			]				
        },
        {
            "id": "fpc03",
            "name": "Ex. 3 (example)",
            "guide": "c03.md",
            "py": "c03.py",
			"isExample": "True"
        },
        {
            "id": "fpc04",
            "name": "Ex. 4 (task)",
            "guide": "c04.md",
            "py": "c04.py",
            "tests": [
                {
                    "in": "",
                    "out": "original list: [10, 9, 8]\nfinal list: [10, 9, 8, 0, 1, 2]"
                }
            ]
        }	
    ]
}


