{
	"name": "Writing subprograms",
    "id": "psubpr",
    "children": [
		{
			"id": "psubprc01",
			"name": "Ex. 1",
			"guide": "c01.md",
			"py": "c01.py",
			"typ": "parsons"
		},
		{
			"id": "psubprc02",
			"name": "Ex. 2",
			"guide": "c02.md",
			"py": "c02.py",
			"typ": "parsons"
		},
		{
			"id": "psubprc03",
			"name": "Ex. 3",
			"guide": "c03.md",
			"py": "c03.py",
			"typ": "parsons"
		},
		{
			"id": "psubprc04",
			"name": "Ex. 4",
			"guide": "c04.md",
			"py": "c04.py",
			"typ": "parsons"
		}		
		
	]
}
