{
	"name": "More selection using if",
    "id": "msui",
    "children": [
        {
            "id": "msuic01",
            "name": "Ex. 1 (example)",
            "guide": "./c01.md",
            "py": "./c01.py",
			"isExample": "True"
        },
        {
            "id": "msuic02",
            "name": "Ex. 2 (task)",
            "guide": "c02.md",
            "py": "c02.py",
            "tests": [
                {
                    "in": "1",
                    "out": ".*beep\ngoodbye"
                },
                {
                    "in": "2",
                    "out": ".*bop\ngoodbye"
                },
                {
                    "in": "3",
                    "out": ".*boop\ngoodbye"
                },
                {
                    "in": "4",
                    "out": ".*choice not recognised\ngoodbye"
                }				
			]				
        },
        {
            "id": "msuic03",
            "name": "Ex. 3 (example)",
            "guide": "c03.md",
            "py": "c03.py",
			"isExample": "True"
        },
        {
            "id": "msuic04",
            "name": "Ex. 4 (task)",
            "guide": "c04.md",
            "py": "c04.py",
            "tests": [
                {
                    "in": "15",
                    "out": ".*above ten"
                },
                {
                    "in": "21",
                    "out": ".*above twenty"
                },
                {
                    "in": "5",
                    "out": ".*positive"
                },
				                {
                    "in": "0",
                    "out": ".*positive only please"
                }
            ]
        }	
    ]
}

