{
	"name": "List slicing and methods",
    "id": "lsam",
    "children": [
        {
            "id": "lsamc01",
            "name": "Ex. 1 (example)",
            "guide": "./c01.md",
            "py": "./c01.py",
			"isExample": "True"
        },
        {
            "id": "lsamc02",
            "name": "Ex. 2 (task)",
            "guide": "c02.md",
            "py": "c02.py",
            "tests": [
                {
                    "in": "",
                    "out": ".*buckle up for...['Mon', 'Tue', 'Wed', 'Thu', 'Fri']"
                }
			]				
        },
        {
            "id": "lsamc03",
            "name": "Ex. 3 (example)",
            "guide": "c03.md",
            "py": "c03.py",
			"isExample": "True"
        },
        {
            "id": "lsamc04",
            "name": "Ex. 4 (task)",
            "guide": "c04.md",
            "py": "c04.py",
            "tests": [
                {
                    "in": "fence",
                    "out": ".*the large cat sat on the fence"
                }
            ]
        }	
    ]
}