{
	"name": "Repetition using while",
    "id": "ruw",
    "children": [
        {
            "id": "ruwc01",
            "name": "Ex. 1 (example)",
            "guide": "./c01.md",
            "py": "./c01.py",
			"isExample": "True"
        },
        {
            "id": "ruwc02",
            "name": "Ex. 2 (task)",
            "guide": "c02.md",
            "py": "c02.py",
            "tests": [
                {
                    "in": "",
                    "out": "1\n4\n9\n16\n25\n36\n49"
                }
			]				
        },
        {
            "id": "ruwc03",
            "name": "Ex. 3 (example)",
            "guide": "c03.md",
            "py": "c03.py",
			"isExample": "True"
        },
        {
            "id": "ruwc04",
            "name": "Ex. 4 (task)",
            "guide": "c04.md",
            "py": "c04.py",
            "tests": [
                {
                    "in": "",
                    "out": "{}\n{}{}\n{}{}{}\n{}{}{}{}"
                }
            ]
        }	
    ]
}

