{
	"name": "Introduction to lists",
    "id": "itl",
    "children": [
        {
            "id": "itlc01",
            "name": "Ex. 1 (example)",
            "guide": "./c01.md",
            "py": "./c01.py",
			"isExample": "True"
        },
        {
            "id": "itlc02",
            "name": "Ex. 2 (task)",
            "guide": "c02.md",
            "py": "c02.py",
            "tests": [
                {
                    "in": "cat,fish,dog",
                    "out": ".*your first choice was cat"
                },
				{
                    "in": "frog,horse,crocodile",
                    "out": ".*your first choice was frog"
                }				
			]				
        },
        {
            "id": "itlc03",
            "name": "Ex. 3 (example)",
            "guide": "c03.md",
            "py": "c03.py",
			"isExample": "True"
        },
        {
            "id": "itlc04",
            "name": "Ex. 4 (task)",
            "guide": "c04.md",
            "py": "c04.py",
            "tests": [
                {
                    "in": "Jamie,Neve,Naomi",
                    "out": ".*I've made a small change...\n['Jamie', 'Neve', 'Eddie']"
                }
            ]
        }	
    ]
}