{
	"name": "Iteration using for part 2",
    "id": "iuf2",
    "children": [
        {
            "id": "iuf2c01",
            "name": "Ex. 1 (example)",
            "guide": "./c01.md",
            "py": "./c01.py",
			"isExample": "True"
        },
        {
            "id": "iuf2c02",
            "name": "Ex. 2 (task)",
            "guide": "c02.md",
            "py": "c02.py",
            "tests": [
                {
                    "in": "1E$&rT",
                    "out": ".*ErT"
                }
			]				
        },
        {
            "id": "iuf2c03",
            "name": "Ex. 3 (example)",
            "guide": "c03.md",
            "py": "c03.py",
			"isExample": "True"
        },
        {
            "id": "iuf2c04",
            "name": "Ex. 4 (task)",
            "guide": "c04.md",
            "py": "c04.py",
            "tests": [
                {
                    "in": "cabbage",
                    "out": ".*1\n4\n6"
                }
            ]
        }	
    ]
}

