{
	"name": "Iterating over lists",
    "id": "iol",
    "children": [
        {
            "id": "iolc01",
            "name": "Ex. 1 (example)",
            "guide": "./c01.md",
            "py": "./c01.py",
			"isExample": "True"
        },
        {
            "id": "iolc02",
            "name": "Ex. 2 (task)",
            "guide": "c02.md",
            "py": "c02.py",
            "tests": [
                {
                    "in": "",
                    "out": ".*\n.*\nr o p i.*"
                }
			]				
        },
        {
            "id": "iolc03",
            "name": "Ex. 3 (example)",
            "guide": "c03.md",
            "py": "c03.py",
			"isExample": "True"
        },
        {
            "id": "iolc04",
            "name": "Ex. 4 (task)",
            "guide": "c04.md",
            "py": "c04.py",
            "tests": [
                {
                    "in": "a,x,x,b,x,y,x",
                    "out": ".*3"
                },
                {
                    "in": "x,m,x,y,x,t,x,y,x,k",
                    "out": ".*3"
                }		
            ]
        }	
    ]
}
