{
	"name": "Review exercises set C",
    "id": "resc",
    "children": [
        {
            "id": "rescc01",
            "name": "Ex. 1 (task)",
            "guide": "./c01.md",
            "py": "./c01.py",
            "tests": [
                {
                    "in": "2",
                    "out": ".*2\n4\n16\n256\n65536"
                }
			]	
        },
        {
            "id": "rescc02",
            "name": "Ex. 2 (task)",
            "guide": "c02.md",
            "py": "c02.py",
            "tests": [
                {
                    "in": "",
                    "out": ".*1\n1\n2\n3\n5\n8\n13\n21\n34"
                }
			]				
        },
        {
            "id": "rescc03",
            "name": "Ex. 3 (task)",
            "guide": "c03.md",
            "py": "c03.py",
            "tests": [
                {
                    "in": "a\nb\nc\nstop",
                    "out": ".*hello\n.*helloo\n.*hellooo\n.*helloooo\n.*"
                }
			]	
        },
        {
            "id": "rescc04",
            "name": "Ex. 4 (task)",
            "guide": "c04.md",
            "py": "c04.py",
            "tests": [
                {
                    "in": "Aaa\nNN\nnn\nN0\nNd",
                    "out": ".*try again...\n.*try again...\n.*try again...\n.*try again...\n.*accepted"
                }
            ]
        }	
    ]
}

