{
	"name": "Outputs and inputs",
    "id": "outputs_and_inputs",
    "children": [
        {
            "id": "OIc01",
            "name": "Ex. 1 (example)",
            "guide": "./c01.md",
            "py": "./c01.py",
			"isExample": "True"
        },
        {
            "id": "OIc02",
            "name": "Ex. 2 (task)",
            "guide": "c02.md",
            "py": "c02.py",
            "tests": [
                {
                    "in": "",
                    "out": "life is good"
                }
            ]			
        },
        {
            "id": "OIc03",
            "name": "Ex. 3 (example)",
            "guide": "c03.md",
            "py": "c03.py",
			"isExample": "True"
        },
        {
            "id": "OIc04",
            "name": "Ex. 4 (task)",
            "guide": "c04.md",
            "py": "c04.py",
            "tests": [
                {
                    "in": "Fred\nBloggs",
                    "out": ".*your full name is Fred Bloggs"
                }
            ]
        }	
    ]
}