{
	"name": "Mathematical operators",
    "id": "mathematical_operators",
    "children": [
        {
            "id": "MOc01",
            "name": "Ex. 1 (example)",
            "guide": "./c01.md",
            "py": "./c01.py",
			"isExample": "True"
        },
        {
            "id": "MOc02",
            "name": "Ex. 2 (task)",
            "guide": "c02.md",
            "py": "c02.py",
            "tests": [
                {
                    "in": "",
                    "out": "7 * 4 = 28"
                }
            ]			
        },
        {
            "id": "MOc03",
            "name": "Ex. 3 (example)",
            "guide": "c03.md",
            "py": "c03.py",
			"isExample": "True"
        },
        {
            "id": "MOc04",
            "name": "Ex. 4 (task)",
            "guide": "c04.md",
            "py": "c04.py",
            "tests": [
                {
                    "in": "",
                    "out": "Answers: 125 8 1"
                }
            ]
        }	
    ]
}