{
	"name": "More string methods & formatting",
    "id": "msm&f",
    "children": [
        {
            "id": "msm&fc01",
            "name": "Ex. 1 (example)",
            "guide": "./c01.md",
            "py": "./c01.py",
			"isExample": "True"
        },
        {
            "id": "msm&fc02",
            "name": "Ex. 2 (task)",
            "guide": "c02.md",
            "py": "c02.py",
            "tests": [
                {
                    "in": "apple",
                    "out": ".*the next letter after your first x is\nimpossible"
                },
				{
                    "in": "fox",
                    "out": ".*the next letter after your first x is\nimpossible"
                },
				{
                    "in": "foxes",
                    "out": ".*the next letter after your first x is\ne"
                }				
			]				
        },
        {
            "id": "msm&fc03",
            "name": "Ex. 3 (example)",
            "guide": "c03.md",
            "py": "c03.py",
			"isExample": "True"
        },
        {
            "id": "msm&fc04",
            "name": "Ex. 4 (example)",
            "guide": "c04.md",
            "py": "c04.py",
			"isExample": "True"
        },
        {
            "id": "msm&fc05",
            "name": "Ex. 5 (task)",
            "guide": "c05.md",
            "py": "c05.py",
            "tests": [
                {
                    "in": "3\n7",
                    "out": ".*+----------+\n|     0.429|\n+----------+"
                }
            ]
        }		
    ]
}
