{
	"name": "Review exercises set F",
    "id": "resf",
    "children": [
        {
            "id": "resfc01",
            "name": "Ex. 1 (task)",
            "guide": "./c01.md",
            "py": "./c01.py",
            "tests": [
                {
                    "in": "pear,orange,banana,apple",
                    "out": ".*1)PEAR\n2)ORANGE\n3)BANANA\n4)APPLE"
                }
			]
        },
        {
            "id": "resfc02",
            "name": "Ex. 2 (task)",
            "guide": "c02.md",
            "py": "c02.py",
            "tests": [
                {
                    "in": "2\n4",
                    "out": ".*Ayeesha,William,Sayeeta"
                },
				{
                    "in": "0\n3",
                    "out": ".*Amy,Mark,Ayeesha,William"
                }				
			]				
        },
        {
            "id": "resfc03",
            "name": "Ex. 3 (task)",
            "guide": "c03.md",
            "py": "c03.py",
            "tests": [
                {
                    "in": "red and blue and yellow",
                    "out": ".*the second time and occurs is at index 13"
                },
				{
                    "in": "yellow and orange and green",
                    "out": ".*the second time and occurs is at index 18"
                }				
			]
        },
        {
            "id": "resfc04",
            "name": "Ex. 4 (task)",
            "guide": "c04.md",
            "py": "c04.py",
            "tests": [
                {
                    "in": "5",
                    "out": ".*\\*\\*\\*\\*\\*\n \\*\\*\\* \n  \\*  "
                },
				{
                    "in": "7",
                    "out": ".*\\*\\*\\*\\*\\*\\*\\*\n \\*\\*\\*\\*\\* \n  \\*\\*\\*  \n   \\*   "
                }				
            ]
        }	
    ]
}


