{
	"name": "Review exercises set E",
    "id": "rese",
    "children": [
        {
            "id": "resec01",
            "name": "Ex. 1 (example)",
            "guide": "./c01.md",
            "py": "./c01.py",
			"tests": [
                {
                    "in": "happy",
                    "out": ".*an anagram is pyhpa"
                }
            ]
        },
        {
            "id": "resec02",
            "name": "Ex. 2 (task)",
            "guide": "c02.md",
            "py": "c02.py",
            "tests": [
                {
                    "in": "emily,phil,mark,rob",
                    "out": ".*after emily has had a go, the order will be ['phil', 'mark', 'rob', 'emily']"
                }
			]				
        },
        {
            "id": "resec03",
            "name": "Ex. 3 (example)",
            "guide": "c03.md",
            "py": "c03.py",
			"tests": [
                {
                    "in": "45.1\n3.2",
                    "out": ".*the time required is 14.1 seconds"
                }
            ]
        },
        {
            "id": "resec04",
            "name": "Ex. 4 (task)",
            "guide": "c04.md",
            "py": "c04.py",
            "tests": [
                {
                    "in": "cricket\nend\nrugby\n1\ntennis\nend\nstop",
                    "out": ".*your sports list is ['cricket']\n.*your sports list is ['rugby', 'cricket']\n.*your sports list is ['rugby', 'cricket', 'tennis']\n.*"
                }
            ]
        }	
    ]
}

