{
	"name": "Review exercises set B",
    "id": "resb",
    "children": [
        {
            "id": "resbc01",
            "name": "Ex. 1 (task)",
            "guide": "./c01.md",
            "py": "./c01.py",
            "tests": [
                {
                    "in": "yes",
                    "out": ".*I like positive!"
                },
                {
                    "in": "no",
                    "out": ".*hands-up not hands-out please!"
                }				
            ]
        },
        {
            "id": "resbc02",
            "name": "Ex. 2 (task)",
            "guide": "c02.md",
            "py": "c02.py",
            "tests": [
                {
                    "in": "5\n6",
                    "out": ".*consecutive"
                },
                {
                    "in": "8\n7",
                    "out": ".*consecutive"
                },
                {
                    "in": "12\n10",
                    "out": ".*not consecutive"
                }				
			]				
        },
        {
            "id": "resbc03",
            "name": "Ex. 3 (task)",
            "guide": "c03.md",
            "py": "c03.py",
            "tests": [
                {
                    "in": "MONDAY",
                    "out": ".*tomorrow is Tuesday"
                },
                {
                    "in": "TUESDAY",
                    "out": ".*tomorrow is Wednesday"
                },
                {
                    "in": "WEDNESDAY",
                    "out": ".*tomorrow is Thursday"
                },
                {
                    "in": "THURSDAY",
                    "out": ".*tomorrow is Friday"
                },
				                {
                    "in": "FRIDAY",
                    "out": ".*tomorrow is Saturday"
                },
                {
                    "in": "SATURDAY",
                    "out": ".*tomorrow is Sunday"
                },
				                {
                    "in": "SUNDAY",
                    "out": ".*tomorrow is Monday"
                },
                {
                    "in": "January",
                    "out": ".*I don't know that day"
                }				
            ]
        },
        {
            "id": "resbc04",
            "name": "Ex. 4 (task)",
            "guide": "c04.md",
            "py": "c04.py",
            "tests": [
                {
                    "in": "a e i o u",
                    "out": ".*right"
                },
                {
                    "in": "The cat sat on the mat",
                    "out": ".*wrong"
                },
                {
                    "in": "the QUICK brown FOX jumped OVER the LAZY dog",
                    "out": ".*right"
                }				
            ]
        }	
    ]
}
