{
	"name": "Review exercises set A",
    "id": "resa",
    "children": [
        {
            "id": "resac01",
            "name": "Ex. 1 (task)",
            "guide": "./c01.md",
            "py": "./c01.py",
            "tests": [
                {
                    "in": "",
                    "out": "hello"
                }
            ]
        },
        {
            "id": "resac02",
            "name": "Ex. 2 (task)",
            "guide": "c02.md",
            "py": "c02.py",
            "tests": [
                {
                    "in": "",
                    "out": ".*24.4"
                }
			]				
        },
        {
            "id": "resac03",
            "name": "Ex. 3 (task)",
            "guide": "c03.md",
            "py": "c03.py",
            "tests": [
                {
                    "in": "16",
                    "out": ".*60.8"
                }
            ]
        },
        {
            "id": "resac04",
            "name": "Ex. 4 (task)",
            "guide": "c04.md",
            "py": "c04.py",
            "tests": [
                {
                    "in": "3\n4",
                    "out": ".*81"
                }
            ]
        }	
    ]
}


