{
	"name": "Fun tasks",
    "id": "funtasks",
    "children": [
        {
            "id": "c01",
            "name": "Higher or Lower",
            "guide": "./c01.md",
            "py": "./c01.py"
        },
        {
            "id": "c02",
            "name": "Rock, Paper, Scissors",
            "guide": "c02.md",
            "py": "c02.py"
        },
        {
            "id": "c03",
            "name": "Text Adventure",
            "guide": "c03.md",
            "py": "c03.py"
        },
        {
            "id": "c04",
            "name": "Riverships",
            "guide": "c04.md",
            "py": "c04.py"
        },
        {
            "id": "c05",
            "name": "Graduation Date",
            "guide": "c05.md",
            "py": "c05.py"
        },
        {
            "id": "c06",
            "name": "Farmer's Field",
            "guide": "c06.md",
            "py": "c06.py"
        },
        {
            "id": "c07",
            "name": "Santa's Present List",
            "guide": "c07.md",
            "py": "c07.py"
        },
        {
            "id": "c08",
            "name": "Tic Tac Toe",
            "guide": "c08.md",
            "py": "c08.py"
        },
        {
            "id": "c09",
            "name": "Cipher Challenge",
            "guide": "c09.md",
            "py": "c09.py"
        },
        {
            "id": "c10",
            "name": "Choose a Door",
            "guide": "c10.md",
            "py": "c10.py"
        },
        {
            "id": "c11",
            "name": "Snakes & Ladders",
            "guide": "c11.md",
            "py": "c11.py"
        },
        {
            "id": "c12",
            "name": "Text adventure 1",
            "guide": "c12.md",
            "py": "c12.py"
        },
        {
            "id": "c13",
            "name": "Text adventure 2",
            "guide": "c13.md",
            "py": "c13.py"
        },		
        {
            "id": "c14",
            "name": "Error Error",
            "guide": "c14.md",
            "py": "c14.py"
        }			
    ]
}