{
	"name": "Starting with functions using def",
    "id": "swfud",
    "children": [
        {
            "id": "swfudc01",
            "name": "Ex. 1 (example)",
            "guide": "./c01.md",
            "py": "./c01.py",
			"isExample": "True"
        },
        {
            "id": "swfudc02",
            "name": "Ex. 2 (task)",
            "guide": "c02.md",
            "py": "c02.py",
            "tests": [
                {
                    "in": "",
                    "out": "+------------+\n|    Jane    |\n+~~~~~~~~~~~~+\n|   Craig    |\n+~~~~~~~~~~~~+\n|  Margaret  |\n+~~~~~~~~~~~~+\n|  Jonathan  |\n+------------+"
                }
			]				
        },
        {
            "id": "swfudc03",
            "name": "Ex. 3 (example)",
            "guide": "c03.md",
            "py": "c03.py",
			"isExample": "True"
        },
        {
            "id": "swfudc04",
            "name": "Ex. 4 (task)",
            "guide": "c04.md",
            "py": "c04.py",
            "tests": [
                {
                    "in": "\nEmily\nJane",
                    "out": ".*invalid, please try again...\n.*I shall call you Emily-Jane"
                }
            ]
        }	
    ]
}


