{
	"name": "Breaking out of a loop",
    "id": "booal",
    "children": [
        {
            "id": "booalc01",
            "name": "Ex. 1 (example)",
            "guide": "./c01.md",
            "py": "./c01.py",
			"isExample": "True"
        },
        {
            "id": "booalc02",
            "name": "Ex. 2 (task)",
            "guide": "c02.md",
            "py": "c02.py",
            "tests": [
                {
                    "in": "",
                    "out": "1\n4\n9\n16\n25\n36\n49"
                }
			]				
        },
        {
            "id": "booalc03",
            "name": "Ex. 3 (example)",
            "guide": "c03.md",
            "py": "c03.py",
			"isExample": "True"
        },
        {
            "id": "booalc04",
            "name": "Ex. 4 (task)",
            "guide": "c04.md",
            "py": "c04.py",
            "tests": [
                {
                    "in": "4\n5\n3\n2\n0",
                    "out": ".*current life points: 0\n.*current life points: 4\n.*current life points: 9\n.*current life points: 12\n.*current life points: 14\n.*final life points score: 14"
                }
            ]
        }	
    ]
}


