{
	"name": "Copying lists",
    "id": "cl",
    "children": [
        {
            "id": "clc01",
            "name": "Ex. 1 (example)",
            "guide": "./c01.md",
            "py": "./c01.py",
			"isExample": "True"
        },
        {
            "id": "clc02",
            "name": "Ex. 2 (task)",
            "guide": "c02.md",
            "py": "c02.py",
            "tests": [
                {
                    "in": "Terry\nSasha",
                    "out": ".*my friends: ['Jim', 'Amy', 'Tasha', 'Sasha']\n.*your friends: ['Jim', 'Amy', 'Tasha', 'Terry']"
                }
			]				
        },
        {
            "id": "clc03",
            "name": "Ex. 3 (example)",
            "guide": "c03.md",
            "py": "c03.py",
			"isExample": "True"
        },
        {
            "id": "clc04",
            "name": "Ex. 4 (task)",
            "guide": "c04.md",
            "py": "c04.py",
            "tests": [
                {
                    "in": "",
                    "out": "[['Arsenal', 'Liverpool'], ['Chelsea', 'Southampton'], ['Manchester United', 'Everton']]\n[['Liverpool', 'Arsenal'], ['Southampton', 'Chelsea'], ['Everton', 'Manchester United']]"
                }
            ]
        }	
    ]
}
