{
	"name": "Selection using if",
    "id": "sui",
    "children": [
        {
            "id": "suic01",
            "name": "Ex. 1 (example)",
            "guide": "./c01.md",
            "py": "./c01.py",
			"isExample": "True"
        },
        {
            "id": "suic02",
            "name": "Ex. 2 (task)",
            "guide": "c02.md",
            "py": "c02.py",
            "tests": [
                {
                    "in": "orange",
                    "out": ".*thanks for playing"
                },
                {
                    "in": "apple",
                    "out": ".*correct\nthanks for playing"
                }				
			]				
        },
        {
            "id": "suic03",
            "name": "Ex. 3 (example)",
            "guide": "c03.md",
            "py": "c03.py",
			"isExample": "True"
        },
        {
            "id": "suic04",
            "name": "Ex. 4 (task)",
            "guide": "c04.md",
            "py": "c04.py",
            "tests": [
                {
                    "in": "orange",
                    "out": ".*incorrect\nthanks for playing"
                },
                {
                    "in": "apple",
                    "out": ".*correct\nthanks for playing"
                }				
            ]
        }	
    ]
}