{
	"name": "Review Exercises Set H",
    "id": "resh",
    "children": [
        {
            "id": "reshc01",
            "name": "Ex. 1 (example)",
            "guide": "./c01.md",
            "py": "./c01.py",
            "tests": [
                {
                    "in": "65\n68",
                    "out": ".*65 01000001 A\n66 01000010 B\n67 01000011 C\n68 01000100 D"
                }
			]	
        },
        {
            "id": "reshc02",
            "name": "Ex. 2 (task)",
            "guide": "c02.md",
            "py": "c02.py",
            "tests": [
                {
                    "in": "13",
                    "out": ".*the new month is: FEB"
                },
				{
                    "in": "26",
                    "out": ".*the new month is: MAR"
                }		
				
			]				
        },
        {
            "id": "reshc03",
            "name": "Ex. 3 (example)",
            "guide": "c03.md",
            "py": "c03.py",
            "tests": [
                {
                    "in": "",
                    "out": "c\na\nt\nל\nו\nת\nח"
                }
			]	
        },
        {
            "id": "reshc04",
            "name": "Ex. 4 (task)",
            "guide": "c04.md",
            "py": "c04.py",
            "tests": [
                {
                    "in": "NAP\nTHU",
                    "out": ".*\n.*the next day is FRI"
                }
            ]
        }	
    ]
}
