{"name":"Example challenges","id":"1a5a8180-b101-47cb-92bc-60f5a826be3c","children":[{"id":"ba7bc64b-8e01-492e-82d0-dee047a757cd","name":"Example code","guide":"c01.md","py":"c01.py","isExample":true,"bookMainUrl":"edit://edit/book.json"},{"id":"e64f9ff1-cad8-4547-9c2f-96cc6b1ee50b","name":"Challenge code","guide":"c02.md","py":"c02.py","tests":[{"in":"Joe","out":".*Hello Joe"},{"in":"Alice","out":".*Hello Alice"}],"bookMainUrl":"edit://edit/book.json"},{"id":"e5536c8d-2151-43dc-9fcc-80c4b24cb52f","name":"Parsons code","guide":"c03.md","py":"c03.py","typ":"parsons","bookMainUrl":"edit://edit/book.json"},{"id":"c6b7be43-d6ef-4051-b545-cd4754e6fb80","name":"Canvas code","guide":"c04.md","py":"c04.py","isExample":true,"typ":"canvas","bookMainUrl":"edit://edit/book.json","children":[]},{"id":"3ff0b804-3164-45d9-9377-cfc9ddda6df5","name":"Turtle code","guide":"c05.md","py":"c05.py","isExample":true,"typ":"canvas","bookMainUrl":"edit://edit/book.json","children":[]},{"id":"d7df5534-f2ce-4824-aee3-6b01d8f844d0","name":"Add or delete pages","tests":[],"py":"c06.py","guide":"c06.md"}],"bookMainUrl":"edit://edit/book.json"}