{
    "name": "Fun tasks",
    "id": "b69f38c6-2cc3-4c64-be5e-8a94ee97f2e9",
    "children": [
        {
            "id": "9c412a88-b282-47c2-a76b-e13a84eba875",
            "name": "Tic-tac-toe",
            "guide": "c01.md",
            "py": "c01.py"
        },
        {
            "id": "46e0a631-5fb7-4723-81a8-8335955712d6",
            "name": "Cipher challenge",
            "guide": "c09.md",
            "py": "c09.py"
        },
        {
            "id": "15951c06-de53-48a3-9292-d5235807c054",
            "name": "Choose a door",
            "guide": "c10.md",
            "py": "c10.py"
        },
        {
            "id": "0c899528-c1a2-4d6c-8a9b-b283c442ee52",
            "name": "Snakes and ladders",
            "guide": "c11.md",
            "py": "c11.py"
        }
    ]
}