{
	"name": "Code Editor",
    "id": "codeeditor",
    "children": [
        {
            "id": "c01",
            "name": "Scratch 1",
            "guide": "./c01.md",
            "py": "./c01.py"
        },
        {
            "id": "c02",
            "name": "Scratch 2",
            "guide": "./c02.md",
            "py": "./c02.py"
        },
		        {
            "id": "c03",
            "name": "Scratch 3",
            "guide": "./c03.md",
            "py": "./c03.py"
        },
        {
            "id": "c04",
            "name": "Scratch4",
            "guide": "./c04.md",
            "py": "./c04.py"
        },
        {
            "id": "c05",
            "name": "Scratch 5",
            "guide": "./c05.md",
            "py": "./c05.py"
        },	
        {
            "id": "c06",
            "name": "Scratch 6",
            "guide": "./c06.md",
            "py": "./c06.py"
        },
		        {
            "id": "c07",
            "name": "Scratch 7",
            "guide": "./c07.md",
            "py": "./c07.py"
        },
        {
            "id": "c08",
            "name": "Scratch 8",
            "guide": "./c08.md",
            "py": "./c08.py"
        },
		        {
            "id": "c09",
            "name": "Scratch 9",
            "guide": "./c09.md",
            "py": "./c09.py"
        },
        {
            "id": "c10",
            "name": "Scratch 10",
            "guide": "./c10.md",
            "py": "./c10.py"
        }		
    ]
}