{
    "name": "Example challenges",
    "id": "a8ab8afe-9470-4fbc-980c-6b8017e3aa0b",
    "children": [
        {
            "id": "afb57340-1197-473c-b24d-5687796fd3d4",
            "name": "Hello world",
            "guide": "c01.md",
            "py": "c01.py",
            "tests": [
                {
                    "in": "",
                    "out": "hello world"
                }
            ]
        },
        {
            "id": "d0918aba-8427-4601-9bf2-b4a55381f34e",
            "name": "An example code",
            "guide": "ex1.md",
            "py": "ex1.py",
            "isExample": true
        },
        {
            "id": "57057e16-3c65-414b-a332-dfea93c626da",
            "name": "Hello name",
            "guide": "c02.md",
            "py": "c02.py",
            "tests": [
                {
                    "in": "Joe",
                    "out": ".*Hello Joe\n"
                }
            ]
        },
        {
            "id": "a071846a-8f41-4047-aef1-f7370affeffb",
            "name": "Test with wildcard",
            "guide": "wildcard.md",
            "py": "wildcard.py",
            "tests": [
                {
                    "in": "Alice",
                    "out": ".*Hello Alice (Bob says hi)"
                }
            ]
        },
        {
            "id": "a36fb1ce-627e-4d1c-ad18-dc4d84e7fb47",
            "name": "Test with wildcard - solution",
            "guide": "wildcard.md",
            "py": "wildcard_sol.py",
            "tests": [
                {
                    "in": "Alice",
                    "out": ".*Hello Alice (Bob says hi)"
                }
            ]
        },
        {
            "id": "f79a3f47-0e12-4a8c-9913-2d325b1dd245",
            "name": "Empty py",
            "guide": "c03.md",
            "py": "c03.py",
            "isExample": true
        },
        {
            "id": "361421e2-d9cc-4c80-ad79-f1dc8b36ca48",
            "name": "Graphics",
            "children": [
                {
                    "id": "b2fa8941-7eed-44f0-bc80-27af0e45ead8",
                    "name": "Canvas demo",
                    "guide": "c04.md",
                    "py": "c04.py",
                    "isExample": true,
                    "typ": "canvas"
                }, 
                {
                    "id": "ebd04e6a-b9e2-11ec-8422-0242ac120002",
                    "name": "Turtle demo",
                    "guide": "c05.md",
                    "py": "c05.py",
                    "isExample": true,
                    "typ": "canvas"
                },
                {
                    "id": "5ca9cba7-fe08-427a-aba2-97a7612b19e1",
                    "name": "Game: bouncing ball",
                    "guide": "bouncing.md",
                    "py": "bouncing.py",
                    "isExample": true,
                    "typ": "canvas"
                }
            ]
        },               
        {
            "id": "cf9c8166-036b-4eb5-a944-29284b8fff79",
            "name": "Parsons",
            "children": [
                {
                    "id": "ec93a2aa-6c3a-4798-a91a-75d009951963",
                    "name": "Parsons 1",
                    "guide": "parsons.md",
                    "py": "parsons.py",
                    "typ": "parsons"
                },
                {
                    "id": "404af9d0-78c6-4fdb-9c45-2e2a2f3a33bd",
                    "name": "Parsons 2",
                    "guide": "parsons2.md",
                    "py": "parsons2.py",
                    "typ": "parsons"
                }
            ]
        }
    ]
}