{
	"name": "Review exercises set G",
    "id": "resg",
    "children": [
        {
            "id": "resgc01",
            "name": "Ex. 1 (example)",
            "guide": "./c01.md",
            "py": "./c01.py",
            "tests": [
                {
                    "in": "f a d e w t y e",
                    "out": ".*original ['f', 'a', 'd', 'e', 'w', 't', 'y', 'e']\nduplicate ['a', 'd', 'e', 'e', 'f', 't', 'w', 'y']"
                }
			]
        },
        {
            "id": "resgc02",
            "name": "Ex. 2 (task)",
            "guide": "c02.md",
            "py": "c02.py",
            "tests": [
                {
                    "in": "Alice\nMark\nNaveena",
                    "out": ".*Hi Alice\n.*Hi Mark\n.*Hi Naveena"
                }
			]				
        },
        {
            "id": "resgc03",
            "name": "Ex. 3 (example)",
            "guide": "c03.md",
            "py": "c03.py",
            "tests": [
                {
                    "in": "3105",
                    "out": ".*the digit sum is 9"
                },
                {
                    "in": "99944",
                    "out": ".*the digit sum is 35"
                }				
				
				
			]
        },
        {
            "id": "resgc04",
            "name": "Ex. 4 (task)",
            "guide": "c04.md",
            "py": "c04.py",
            "tests": [
                {
                    "in": "cat,frog,zebra",
                    "out": ".*tell someone the initials: ['c', 'f', 'z']\n...and see if they can guess your animals: ['cat', 'frog', 'zebra']"
                }
            ]
        }	
    ]
}

