{
	"name": "Iteration using for part 1",
    "id": "iuf1",
    "children": [
        {
            "id": "iuf1c01",
            "name": "Ex. 1 (example)",
            "guide": "./c01.md",
            "py": "./c01.py",
			"isExample": "True"
        },
        {
            "id": "iuf1c02",
            "name": "Ex. 2 (task)",
            "guide": "c02.md",
            "py": "c02.py",
            "tests": [
                {
                    "in": "",
                    "out": ".*10\n12\n14\n16\n18\n20"
                }
			]				
        },
        {
            "id": "iuf1c03",
            "name": "Ex. 3 (example)",
            "guide": "c03.md",
            "py": "c03.py",
			"isExample": "True"
        },
        {
            "id": "iuf1c04",
            "name": "Ex. 4 (task)",
            "guide": "c04.md",
            "py": "c04.py",
            "tests": [
                {
                    "in": "3\n2\n4\n1\n6",
                    "out": ".*16"
                }
            ]
        }	
    ]
}

