{
	"name": "ASCII with ord and chr",
    "id": "awoac",
    "children": [
        {
            "id": "awoacc01",
            "name": "Ex. 1 (example)",
            "guide": "./c01.md",
            "py": "./c01.py",
			"isExample": "True"
        },
        {
            "id": "awoacc02",
            "name": "Ex. 2 (task)",
            "guide": "c02.md",
            "py": "c02.py",
            "tests": [
                {
                    "in": "M",
                    "out": ".*using my ASCII machine I have crunched it into the letter: m"
                },
                {
                    "in": "Z",
                    "out": ".*using my ASCII machine I have crunched it into the letter: z"
                }		
			]				
        },
        {
            "id": "awoacc03",
            "name": "Ex. 3 (example)",
            "guide": "c03.md",
            "py": "c03.py",
			"isExample": "True"
        },
        {
            "id": "awoacc04",
            "name": "Ex. 4 (task)",
            "guide": "c04.md",
            "py": "c04.py",
            "tests": [
                {
                    "in": "5\nZebra Joe Rocks",
                    "out": ".*EJGWFOTJWTHPX"
                }
            ]
        }	
    ]
}
