{
	"name": "Review exercises set D",
    "id": "resd",
    "children": [
        {
            "id": "resdc01",
            "name": "Ex. 1 (task)",
            "guide": "./c01.md",
            "py": "./c01.py",
            "tests": [
                {
                    "in": "17\n4",
                    "out": ".*17\n13\n9\n5\n1"
                },
                {
                    "in": "12\n2",
                    "out": ".*12\n10\n8\n6\n4\n2"
                }                
            ]
        },
        {
            "id": "resdc02",
            "name": "Ex. 2 (task)",
            "guide": "c02.md",
            "py": "c02.py",
            "tests": [
                {
                    "in": "cattle",
                    "out": ".*ate"
                },
                {
                    "in": "jumping",
                    "out": ".*upn"
                }                
			]				
        },
        {
            "id": "resdc03",
            "name": "Ex. 3 (task)",
            "guide": "c03.md",
            "py": "c03.py",
            "tests": [
                {
                    "in": "basket\n1",
                    "out": ".*b"
                },
                {
                    "in": "rattle\n3",
                    "out": ".*rat"
                },
                {
                    "in": "SNACK\n2",
                    "out": ".*SN"
                }                   
            ]
        },
        {
            "id": "resdc04",
            "name": "Ex. 4 (task)",
            "guide": "c04.md",
            "py": "c04.py",
            "tests": [
                {
                    "in": "Rat",
                    "out": ".*rAT"
                },
                {
                    "in": "rAT",
                    "out": ".*Rat"
                },
                {
                    "in": "SnAkE",
                    "out": ".*sNaKe"
                }                                
            ]
        }	
    ]
}

