{
	"name": "List appending and removing",
    "id": "laar",
    "children": [
        {
            "id": "laarc01",
            "name": "Ex. 1 (example)",
            "guide": "./c01.md",
            "py": "./c01.py",
			"isExample": "True"
        },
        {
            "id": "laarc02",
            "name": "Ex. 2 (task)",
            "guide": "c02.md",
            "py": "c02.py",
            "tests": [
                {
                    "in": "blue\nred\nyellow",
                    "out": ".*your ordered colours list is ['blue', 'yellow', 'red']"
                }
			]				
        },
        {
            "id": "laarc03",
            "name": "Ex. 3 (example)",
            "guide": "c03.md",
            "py": "c03.py",
			"isExample": "True"
        },
        {
            "id": "laarc04",
            "name": "Ex. 4 (task)",
            "guide": "c04.md",
            "py": "c04.py",
            "tests": [
                {
                    "in": "ruler",
                    "out": ".*your final list is ['pencil', 'protractor', 'pen', 'scissors', 'stapler']"
                },
{
                    "in": "2",
                    "out": ".*your final list is ['pencil', 'pen', 'ruler', 'scissors', 'stapler']"
                }				
            ]
        }	
    ]
}

